Target,Sample,Expression Level
Beta,Control,54994.511
Beta,Control,30807.628
Beta,Control,80238.11
Beta,Control+Dox,0.878
Beta,Control+Dox,1.152
Beta,Control+Dox,0.989
Beta,SNRPA1,425854.184
Beta,SNRPA1,658580.377
Beta,SNRPA1,390780.784
Beta,SNRPA2,293499.801
Beta,SNRPA2,262507.661
Beta,SNRPA2,337142.739
Beta,SNRPD1-1,98457652.064
Beta,SNRPD1-1,98457652.064
Beta,SNRPD1-1,88244314.862
Beta,SNRPD1-2,1580555.21
Beta,SNRPD1-2,1299027.012
Beta,SNRPD1-2,1511972.008
ISG,Control,20171.07
ISG,Control,18128.853
ISG,Control,22257.439
ISG,Control+Dox,0.967
ISG,Control+Dox,1.022
ISG,Control+Dox,1.012
ISG,SNRPA1,159478.233
ISG,SNRPA1,150666.589
ISG,SNRPA1,160142.865
ISG,SNRPA2,88537.438
ISG,SNRPA2,85403.052
ISG,SNRPA2,127664.687
ISG,SNRPD1-1,22540247.17
ISG,SNRPD1-1,20698171.669
ISG,SNRPD1-1,18333768.169
ISG,SNRPD1-2,293703.31
ISG,SNRPD1-2,346861.454
ISG,SNRPD1-2,347342.639
MDA5,Control,168.429
MDA5,Control,170.426
MDA5,Control,151.692
MDA5,Control+Dox,40820.324
MDA5,Control+Dox,0.031
MDA5,Control+Dox,0.026
MDA5,Control+Dox,0.031
MDA5,SNRPA1,35783.329
MDA5,SNRPA1,40091.256
MDA5,SNRPA1,39484.533
MDA5,SNRPA2,27043.608
MDA5,SNRPA2,23970.959
MDA5,SNRPA2,27024.869
MDA5,SNRPD1-1,564651.033
MDA5,SNRPD1-1,1290053.977
MDA5,SNRPD1-1,1838375.442
MDA5,SNRPD1-2,51597.016
MDA5,SNRPD1-2,43508.209
MDA5,SNRPD1-2,46116.647
OAS2,Control,2709597529752580.0
OAS2,Control+Dox,1.174
OAS2,Control+Dox,1.159
OAS2,Control+Dox,0.735
OAS2,SNRPA1,211456.297
OAS2,SNRPA1,94563.774
OAS2,SNRPA1,147259.379
OAS2,SNRPA2,139219.329
OAS2,SNRPA2,109836.65
OAS2,SNRPA2,118538.814
OAS2,SNRPD1-1,21863181.205
OAS2,SNRPD1-1,31876723.247
OAS2,SNRPD1-1,44091584.879
OAS2,SNRPD1-2,602248.763
OAS2,SNRPD1-2,762300.343
OAS2,SNRPD1-2,673818.26
