Target,Sample,Expression Level
ifnb,sgCtrl,0.938
ifnb,sgCtrl,0.866
ifnb,sgCtrl,1.232
ifnb,sgCtrl dox,40.113
ifnb,sgCtrl dox,46.174
ifnb,sgCtrl dox,52.82
ifnb,sgSNRPA_1,12.826
ifnb,sgSNRPA_1,13.214
ifnb,sgSNRPA_1,13.15
ifnb,sgSNRPA_2,12.571
ifnb,sgSNRPA_2,15.412
ifnb,sgSNRPA_2,11.306
ifnb,sgSNRPD1_1,9.063
ifnb,sgSNRPD1_1,8.568
ifnb,sgSNRPD1_1,9.856
ifnb,sgSNRPD1_2,11.584
ifnb,sgSNRPD1_2,14.774
ifnb,sgSNRPD1_2,17.827
isg15,sgCtrl,0.963
isg15,sgCtrl,0.767
isg15,sgCtrl,1.352
isg15,sgCtrl dox,119.428
isg15,sgCtrl dox,127.116
isg15,sgCtrl dox,133.436
isg15,sgSNRPA_1,10.042
isg15,sgSNRPA_1,10.454
isg15,sgSNRPA_1,11.089
isg15,sgSNRPA_2,8.907
isg15,sgSNRPA_2,10.182
isg15,sgSNRPA_2,9.626
isg15,sgSNRPD1_1,7.295
isg15,sgSNRPD1_1,8.374
isg15,sgSNRPD1_1,7.057
isg15,sgSNRPD1_2,17.667
isg15,sgSNRPD1_2,17.388
isg15,sgSNRPD1_2,15.552
mda5,sgCtrl,1.039
mda5,sgCtrl,0.966
mda5,sgCtrl,0.997
mda5,sgCtrl dox,314.083
mda5,sgCtrl dox,336.159
mda5,sgCtrl dox,321.795
mda5,sgSNRPA_1,367.347
mda5,sgSNRPA_1,366.076
mda5,sgSNRPA_1,328.102
mda5,sgSNRPA_2,336.859
mda5,sgSNRPA_2,305.282
mda5,sgSNRPA_2,283.46
mda5,sgSNRPD1_1,291.025
mda5,sgSNRPD1_1,318.688
mda5,sgSNRPD1_1,221.629
mda5,sgSNRPD1_2,357.55
mda5,sgSNRPD1_2,350.191
mda5,sgSNRPD1_2,283.46
oas2,sgCtrl,0.319
oas2,sgCtrl,3.055
oas2,sgCtrl,1.027
oas2,sgCtrl dox,629.909
oas2,sgCtrl dox,935.763
oas2,sgCtrl dox,741.858
oas2,sgSNRPA_1,38.827
oas2,sgSNRPA_1,20.266
oas2,sgSNRPA_1,49.936
oas2,sgSNRPA_2,27.531
oas2,sgSNRPA_2,22.612
oas2,sgSNRPA_2,20.478
oas2,sgSNRPD1_1,29.836
oas2,sgSNRPD1_1,26.52
oas2,sgSNRPD1_1,31.823
oas2,sgSNRPD1_2,69.551
oas2,sgSNRPD1_2,59.056
oas2,sgSNRPD1_2,20.337
