Target,Sample,Expression Level
INFB,Ctrl,0.635
INFB,Ctrl,1.576
INFB,Ctrl+Dox,12.475
INFB,Ctrl+Dox,13.642
INFB,Ctrl+Dox,14.939
INFB,hnrnpa2b1-1,57.321
INFB,hnrnpa2b1-1,62.035
INFB,hnrnpa2b1-1,45.318
INFB,hnrnpa2b1-2,5.326
INFB,hnrnpa2b1-2,5.415
INFB,hnrnpa2b1-2,5.487
A2B1,Ctrl,1.06
A2B1,Ctrl,0.968
A2B1,Ctrl,0.974
A2B1,Ctrl+Dox,0.753
A2B1,Ctrl+Dox,0.648
A2B1,Ctrl+Dox,0.602
A2B1,hnrnpa2b1-1,0.663
A2B1,hnrnpa2b1-1,0.662
A2B1,hnrnpa2b1-1,0.701
A2B1,hnrnpa2b1-2,0.123
A2B1,hnrnpa2b1-2,0.131
A2B1,hnrnpa2b1-2,0.115
MDA5,Ctrl,0.821
MDA5,Ctrl,0.703
MDA5,Ctrl,1.733
MDA5,Ctrl+Dox,95.01
MDA5,Ctrl+Dox,97.884
MDA5,Ctrl+Dox,91.076
MDA5,hnrnpa2b1-1,210.401
MDA5,hnrnpa2b1-1,221.015
MDA5,hnrnpa2b1-1,219.945
MDA5,hnrnpa2b1-2,27.002
MDA5,hnrnpa2b1-2,27.303
MDA5,hnrnpa2b1-2,27.171
OAS2,Ctrl,1.0
OAS2,Ctrl+Dox,44.88
OAS2,Ctrl+Dox,27.36
OAS2,Ctrl+Dox,27.19
OAS2,hnrnpa2b1-1,226.129
OAS2,hnrnpa2b1-1,135.862
OAS2,hnrnpa2b1-1,152.535
OAS2,hnrnpa2b1-2,5.067
OAS2,hnrnpa2b1-2,7.841
OAS2,hnrnpa2b1-2,7.637
ISG,Ctrl,1.21
ISG,Ctrl,0.626
ISG,Ctrl,1.32
ISG,Ctrl+Dox,28.246
ISG,Ctrl+Dox,27.78
ISG,Ctrl+Dox,23.785
ISG,hnrnpa2b1-1,49.01
ISG,hnrnpa2b1-1,57.64
ISG,hnrnpa2b1-1,52.273
ISG,hnrnpa2b1-2,5.0
ISG,hnrnpa2b1-2,4.469
ISG,hnrnpa2b1-2,4.891
