Target,Sample,Expression Level
ifnb,sgctrl,0.075
ifnb,sgctrl,0.051
ifnb,sgctrl,0.071
ifnb,sgctrl+dox,1.008
ifnb,sgctrl+dox,1.021
ifnb,sgctrl+dox,0.971
ifnb,sgSNRPA-1,0.286
ifnb,sgSNRPA-1,0.336
ifnb,sgSNRPA-1,0.341
ifnb,sgSNRPA-2,0.406
ifnb,sgSNRPA-2,0.48
ifnb,sgSNRPA-2,0.557
ifnb,sgSNRPD1-1,0.416
ifnb,sgSNRPD1-1,0.45
ifnb,sgSNRPD1-1,0.529
ifnb,sgSNRPD1-2,0.377
ifnb,sgSNRPD1-2,0.325
ifnb,sgSNRPD1-2,0.353
isg15,sgctrl,0.004
isg15,sgctrl,0.005
isg15,sgctrl,0.005
isg15,sgctrl+dox,0.962
isg15,sgctrl+dox,0.991
isg15,sgctrl+dox,1.05
isg15,sgSNRPA-1,0.052
isg15,sgSNRPA-1,0.051
isg15,sgSNRPA-1,0.05
isg15,sgSNRPA-2,0.066
isg15,sgSNRPA-2,0.066
isg15,sgSNRPA-2,0.068
isg15,sgSNRPD1-1,0.053
isg15,sgSNRPD1-1,0.047
isg15,sgSNRPD1-1,0.038
isg15,sgSNRPD1-2,0.054
isg15,sgSNRPD1-2,0.058
isg15,sgSNRPD1-2,0.057
mda5,sgctrl,0.006
mda5,sgctrl,0.007
mda5,sgctrl,0.006
mda5,sgctrl+dox,1.022
mda5,sgctrl+dox,1.029
mda5,sgctrl+dox,0.952
mda5,sgSNRPA-1,0.874
mda5,sgSNRPA-1,0.854
mda5,sgSNRPA-1,0.85
mda5,sgSNRPA-2,0.807
mda5,sgSNRPA-2,0.846
mda5,sgSNRPA-2,0.779
mda5,sgSNRPD1-1,0.969
mda5,sgSNRPD1-1,0.932
mda5,sgSNRPD1-1,0.915
mda5,sgSNRPD1-2,1.12
mda5,sgSNRPD1-2,0.942
mda5,sgSNRPD1-2,1.055
oas2,sgctrl,nan
oas2,sgctrl,nan
oas2,sgctrl,nan
oas2,sgctrl+dox,0.964
oas2,sgctrl+dox,1.035
oas2,sgctrl+dox,1.002
oas2,sgSNRPA-1,0.01
oas2,sgSNRPA-1,0.011
oas2,sgSNRPA-1,0.011
oas2,sgSNRPA-2,0.019
oas2,sgSNRPA-2,0.019
oas2,sgSNRPA-2,0.018
oas2,sgSNRPD1-1,0.017
oas2,sgSNRPD1-1,0.019
oas2,sgSNRPD1-1,0.016
oas2,sgSNRPD1-2,0.018
oas2,sgSNRPD1-2,0.019
oas2,sgSNRPD1-2,0.021
