Target,Sample,Expression Level
Beta,Control,1.105
Beta,Control,1.326
Beta,Control,0.683
Beta,Control+Dox,6.233
Beta,Control+Dox,7.928
Beta,Control+Dox,9.567
Beta,SNRPA1,6.203
Beta,SNRPA1,7.215
Beta,SNRPA1,7.765
Beta,SNRPA2,9.044
Beta,SNRPA2,8.791
Beta,SNRPA2,5.479
Beta,SNRPD1-1,12.641
Beta,SNRPD1-1,13.408
Beta,SNRPD1-1,10.26
Beta,SNRPD1-2,9.101
Beta,SNRPD1-2,10.432
Beta,SNRPD1-2,11.004
ISG,Control,1.095
ISG,Control,0.824
ISG,Control,1.107
ISG,Control+Dox,20.478
ISG,Control+Dox,21.407
ISG,Control+Dox,21.811
ISG,SNRPA1,1.871
ISG,SNRPA1,1.655
ISG,SNRPA1,1.978
ISG,SNRPA2,3.593
ISG,SNRPA2,3.477
ISG,SNRPA2,3.563
ISG,SNRPD1-1,3.709
ISG,SNRPD1-1,4.26
ISG,SNRPD1-1,3.132
ISG,SNRPD1-2,6.199
ISG,SNRPD1-2,6.355
ISG,SNRPD1-2,6.268
MDA5,Control,1.094
MDA5,Control,0.979
MDA5,Control,0.932
MDA5,Control+Dox,62.726
MDA5,Control+Dox,69.31
MDA5,Control+Dox,53.076
MDA5,SNRPA1,87.366
MDA5,SNRPA1,77.816
MDA5,SNRPA1,73.06
MDA5,SNRPA2,75.636
MDA5,SNRPA2,58.404
MDA5,SNRPA2,58.566
MDA5,SNRPD1-1,82.596
MDA5,SNRPD1-1,69.455
MDA5,SNRPD1-1,65.164
MDA5,SNRPD1-2,70.424
MDA5,SNRPD1-2,68.736
MDA5,SNRPD1-2,58.283
OAS2,Control,0.796
OAS2,Control,1.257
OAS2,Control+Dox,88.218
OAS2,Control+Dox,88.402
OAS2,Control+Dox,73.466
OAS2,SNRPA1,5.657
OAS2,SNRPA1,4.061
OAS2,SNRPA2,8.271
OAS2,SNRPA2,4.296
OAS2,SNRPA2,2.868
OAS2,SNRPD1-1,3.027
OAS2,SNRPD1-1,5.74
OAS2,SNRPD1-1,4.643
OAS2,SNRPD1-2,11.802
OAS2,SNRPD1-2,13.823
OAS2,SNRPD1-2,12.782
