Target,Sample,Expression Level
Beta,Control,0.268
Beta,Control,0.27
Beta,Control,0.249
Beta,Control+Beta,1.191
Beta,Control+Beta,0.971
Beta,Control+Beta,0.865
Beta,SNRPA1,0.077
Beta,SNRPA1,0.787
Beta,SNRPA1,0.288
Beta,SNRPA2,0.44
Beta,SNRPA2,0.533
Beta,SNRPA2,1.027
Beta,SNRPD1-1,1.053
Beta,SNRPD1-1,0.867
Beta,SNRPD1-1,1.79
Beta,SNRPD1-2,0.418
Beta,SNRPD1-2,0.543
Beta,SNRPD1-2,0.425
ISG,Control,0.036
ISG,Control,0.045
ISG,Control,0.034
ISG,Control+Beta,1.077
ISG,Control+Beta,0.909
ISG,Control+Beta,1.02
ISG,SNRPA1,0.797
ISG,SNRPA1,0.738
ISG,SNRPA1,0.77
ISG,SNRPA2,0.841
ISG,SNRPA2,0.789
ISG,SNRPA2,0.741
ISG,SNRPD1-1,0.812
ISG,SNRPD1-1,0.832
ISG,SNRPD1-1,0.658
ISG,SNRPD1-2,0.578
ISG,SNRPD1-2,0.628
ISG,SNRPD1-2,0.604
MDA5,Control,0.383
MDA5,Control,0.491
MDA5,Control,0.41
MDA5,Control+Beta,1.226
MDA5,Control+Beta,1.059
MDA5,Control+Beta,0.77
MDA5,SNRPA1,0.838
MDA5,SNRPA1,0.896
MDA5,SNRPA1,0.5
MDA5,SNRPA2,0.501
MDA5,SNRPA2,0.695
MDA5,SNRPA2,0.736
MDA5,SNRPD1-1,1.081
MDA5,SNRPD1-1,0.905
MDA5,SNRPD1-1,0.497
MDA5,SNRPD1-2,0.61
MDA5,SNRPD1-2,0.498
MDA5,SNRPD1-2,0.63
OAS2,Control,59782326866.007
OAS2,Control+Beta,0.352
OAS2,Control+Beta,2.876
OAS2,Control+Beta,0.987
OAS2,SNRPA1,2.428
OAS2,SNRPA1,1.605
OAS2,SNRPA1,0.081
OAS2,SNRPA2,2.583
OAS2,SNRPA2,3.792
OAS2,SNRPA2,0.313
OAS2,SNRPD1-1,0.233
OAS2,SNRPD1-1,0.102
OAS2,SNRPD1-1,1.636
OAS2,SNRPD1-2,1.461
OAS2,SNRPD1-2,3.308
OAS2,SNRPD1-2,0.088
