Target,Sample,Cq
GAPDH,Control,21.60414
GAPDH,Control,21.39039
GAPDH,Control,21.35913
Beta,Control,34.02463
Beta,Control,34.86078
Beta,Control,33.48028
ISG,Control,29.64754
ISG,Control,29.80209
ISG,Control,29.50593
MDA5,Control,29.37209
MDA5,Control,29.35509
MDA5,Control,29.52291
OAS2,Control,0
MDA5,Control+Dox,0
GAPDH,Control+Dox,0
GAPDH,Control+Dox,0
GAPDH,Control+Dox,0
Beta,Control+Dox,28.50943
Beta,Control+Dox,28.11667
Beta,Control+Dox,28.33723
ISG,Control+Dox,22.54598
ISG,Control+Dox,22.46596
ISG,Control+Dox,22.48012
MDA5,Control+Dox,20.32937
MDA5,Control+Dox,20.60988
MDA5,Control+Dox,20.33088
GAPDH,SNRPA1,20.33915
GAPDH,SNRPA1,20.19551
GAPDH,SNRPA1,20.24
Beta,SNRPA1,29.87891
Beta,SNRPA1,29.24958
Beta,SNRPA1,30.00268
ISG,SNRPA1,25.47186
ISG,SNRPA1,25.55421
ISG,SNRPA1,25.46649
MDA5,SNRPA1,20.44836
MDA5,SNRPA1,20.28431
MDA5,SNRPA1,20.30558
GAPDH,SNRPA2,19.53123
GAPDH,SNRPA2,19.43324
GAPDH,SNRPA2,19.26508
Beta,SNRPA2,29.56801
Beta,SNRPA2,29.72918
Beta,SNRPA2,29.3684
ISG,SNRPA2,25.473
ISG,SNRPA2,25.52495
ISG,SNRPA2,24.9455
MDA5,SNRPA2,20.00404
MDA5,SNRPA2,20.17804
MDA5,SNRPA2,20.00461
GAPDH,SNRPD1-1,26.29655
GAPDH,SNRPD1-1,26.19093
GAPDH,SNRPD1-1,25.86818
Beta,SNRPD1-1,27.88698
Beta,SNRPD1-1,27.88682
Beta,SNRPD1-1,28.04541
ISG,SNRPD1-1,24.19014
ISG,SNRPD1-1,24.31259
ISG,SNRPD1-1,24.48764
MDA5,SNRPD1-1,22.3288
MDA5,SNRPD1-1,21.13723
MDA5,SNRPD1-1,20.62566
GAPDH,SNRPD1-2,20.52448
GAPDH,SNRPD1-2,20.82191
GAPDH,SNRPD1-2,20.42425
Beta,SNRPD1-2,28.31938
Beta,SNRPD1-2,28.60169
Beta,SNRPD1-2,28.38306
ISG,SNRPD1-2,24.92296
ISG,SNRPD1-2,24.68291
ISG,SNRPD1-2,24.68083
MDA5,SNRPD1-2,20.25215
MDA5,SNRPD1-2,20.49797
MDA5,SNRPD1-2,20.41436
OAS2,Control+Dox,29.58462
OAS2,Control+Dox,29.60256
OAS2,Control+Dox,30.25959
OAS2,SNRPA1,32.38412
OAS2,SNRPA1,33.54497
OAS2,SNRPA1,32.90631
OAS2,SNRPA2,32.13868
OAS2,SNRPA2,32.48099
OAS2,SNRPA2,32.37144
OAS2,SNRPD1-1,31.55257
OAS2,SNRPD1-1,31.00949
OAS2,SNRPD1-1,30.54115
OAS2,SNRPD1-2,31.20558
OAS2,SNRPD1-2,30.86603
OAS2,SNRPD1-2,31.0438