Target,Sample,Cq
GAPDH,sgCtrl,20.2989
GAPDH,sgCtrl,20.17811
GAPDH,sgCtrl,20.06331
GAPDH,sgCtrl dox,20.62238
GAPDH,sgCtrl dox,19.89525
GAPDH,sgCtrl dox,20.10816
GAPDH,sgSNRPA_1,19.89718
GAPDH,sgSNRPA_1,20.01186
GAPDH,sgSNRPA_1,20.06889
GAPDH,sgSNRPA_2,20.30172
GAPDH,sgSNRPA_2,20.3211
GAPDH,sgSNRPA_2,20.32174
GAPDH,sgSNRPD1_1,19.74604
GAPDH,sgSNRPD1_1,19.52248
GAPDH,sgSNRPD1_1,19.71996
GAPDH,sgSNRPD1_2,19.9808
GAPDH,sgSNRPD1_2,19.96735
GAPDH,sgSNRPD1_2,20.05095
ifnb,sgCtrl,33.00121
ifnb,sgCtrl,33.11504
ifnb,sgCtrl,32.6074
ifnb,sgCtrl dox,27.61059
ifnb,sgCtrl dox,27.40751
ifnb,sgCtrl dox,27.21448
ifnb,sgSNRPA_1,29.03976
ifnb,sgSNRPA_1,28.99736
ifnb,sgSNRPA_1,29.00417
ifnb,sgSNRPA_2,29.39135
ifnb,sgSNRPA_2,29.09725
ifnb,sgSNRPA_2,29.54387
ifnb,sgSNRPD1_1,29.21102
ifnb,sgSNRPD1_1,29.29201
ifnb,sgSNRPD1_1,29.09047
ifnb,sgSNRPD1_2,29.19422
ifnb,sgSNRPD1_2,28.84344
ifnb,sgSNRPD1_2,28.57152
isg15,sgCtrl,28.41672
isg15,sgCtrl,28.74513
isg15,sgCtrl,27.92812
isg15,sgCtrl dox,21.49177
isg15,sgCtrl dox,21.40198
isg15,sgCtrl dox,21.33161
isg15,sgSNRPA_1,24.84802
isg15,sgSNRPA_1,24.79021
isg15,sgSNRPA_1,24.7047
isg15,sgSNRPA_2,25.34318
isg15,sgSNRPA_2,25.15032
isg15,sgSNRPA_2,25.2306
isg15,sgSNRPD1_1,24.97939
isg15,sgSNRPD1_1,24.78006
isg15,sgSNRPD1_1,25.02674
isg15,sgSNRPD1_2,24.03953
isg15,sgSNRPD1_2,24.06329
isg15,sgSNRPD1_2,24.22373
mda5,sgCtrl,28.48316
mda5,sgCtrl,28.58806
mda5,sgCtrl,28.54267
mda5,sgCtrl dox,20.27177
mda5,sgCtrl dox,20.17434
mda5,sgCtrl dox,20.23724
mda5,sgSNRPA_1,19.83012
mda5,sgSNRPA_1,19.83476
mda5,sgSNRPA_1,19.99348
mda5,sgSNRPA_2,20.27709
mda5,sgSNRPA_2,20.41937
mda5,sgSNRPA_2,20.52577
mda5,sgSNRPD1_1,19.83613
mda5,sgSNRPD1_1,19.70524
mda5,sgSNRPD1_1,20.22892
mda5,sgSNRPD1_2,19.87636
mda5,sgSNRPD1_2,19.90626
mda5,sgSNRPD1_2,20.21138
oas2,sgCtrl,39.12987
oas2,sgCtrl,35.86891
oas2,sgCtrl,37.44146
oas2,sgCtrl dox,28.20979
oas2,sgCtrl dox,27.63904
oas2,sgCtrl dox,27.9745
oas2,sgSNRPA_1,32.01353
oas2,sgSNRPA_1,32.95229
oas2,sgSNRPA_1,31.65053
oas2,sgSNRPA_2,32.8316
oas2,sgSNRPA_2,33.1158
oas2,sgSNRPA_2,33.25867
oas2,sgSNRPD1_1,32.06396
oas2,sgSNRPD1_1,32.23416
oas2,sgSNRPD1_1,31.97146
oas2,sgSNRPD1_2,31.18011
oas2,sgSNRPD1_2,31.41557
oas2,sgSNRPD1_2,32.95422
