Target,Sample,Cq
GAPDH,Ctrl,30.11787
GAPDH,Ctrl,30.13469
GAPDH,Ctrl,30.31197
INFB,Ctrl,35.31398
INFB,Ctrl,34.00276
A2B1,Ctrl,22.04913
A2B1,Ctrl,22.18021
A2B1,Ctrl,22.17141
GAPDH,Ctrl+Dox,29.37565
GAPDH,Ctrl+Dox,29.4446
GAPDH,Ctrl+Dox,29.61236
INFB,Ctrl+Dox,30.30784
INFB,Ctrl+Dox,30.17897
INFB,Ctrl+Dox,30.04788
A2B1,Ctrl+Dox,21.83242
A2B1,Ctrl+Dox,22.04955
A2B1,Ctrl+Dox,22.15522
GAPDH,hnrnpa2b1-1,29.63062
GAPDH,hnrnpa2b1-1,29.6343
GAPDH,hnrnpa2b1-1,29.83413
INFB,hnrnpa2b1-1,28.32994
INFB,hnrnpa2b1-1,28.21581
INFB,hnrnpa2b1-1,28.66895
A2B1,hnrnpa2b1-1,22.23785
A2B1,hnrnpa2b1-1,22.24072
A2B1,hnrnpa2b1-1,22.15728
GAPDH,hnrnpa2b1-2,26.31003
GAPDH,hnrnpa2b1-2,26.25873
GAPDH,hnrnpa2b1-2,26.42416
INFB,hnrnpa2b1-2,28.38866
INFB,hnrnpa2b1-2,28.36483
INFB,hnrnpa2b1-2,28.34568
A2B1,hnrnpa2b1-2,21.29614
A2B1,hnrnpa2b1-2,21.21206
A2B1,hnrnpa2b1-2,21.3956
MDA5,Ctrl,32.91654
MDA5,Ctrl,33.14224
MDA5,Ctrl,31.84046
OAS2,Ctrl,39.79022
ISG,Ctrl,34.61117
ISG,Ctrl,35.56103
ISG,Ctrl,34.4849
MDA5,Ctrl+Dox,25.35283
MDA5,Ctrl+Dox,25.30955
MDA5,Ctrl+Dox,25.41426
OAS2,Ctrl+Dox,33.59158
OAS2,Ctrl+Dox,34.30569
OAS2,Ctrl+Dox,34.31547
ISG,Ctrl+Dox,29.35615
ISG,Ctrl+Dox,29.38037
ISG,Ctrl+Dox,29.60359
MDA5,hnrnpa2b1-1,24.4279
MDA5,hnrnpa2b1-1,24.35652
MDA5,hnrnpa2b1-1,24.36398
OAS2,hnrnpa2b1-1,31.48118
OAS2,hnrnpa2b1-1,32.2161
OAS2,hnrnpa2b1-1,32.04859
ISG,hnrnpa2b1-1,28.78327
ISG,hnrnpa2b1-1,28.5495
ISG,hnrnpa2b1-1,28.68954
MDA5,hnrnpa2b1-2,24.02142
MDA5,hnrnpa2b1-2,24.00532
MDA5,hnrnpa2b1-2,24.01189
OAS2,hnrnpa2b1-2,33.59172
OAS2,hnrnpa2b1-2,32.9616
OAS2,hnrnpa2b1-2,33.00035
ISG,hnrnpa2b1-2,28.70702
ISG,hnrnpa2b1-2,28.86938
ISG,hnrnpa2b1-2,28.73879