Target,Sample,Cq
GAPDH,sgctrl,20.49608
GAPDH,sgctrl,20.42934
GAPDH,sgctrl,20.27649
ifnb,sgctrl,31.78335
ifnb,sgctrl,32.34712
ifnb,sgctrl,31.86244
isg15,sgctrl,29.2517
isg15,sgctrl,29.08936
isg15,sgctrl,29.07759
mda5,sgctrl,27.28931
mda5,sgctrl,27.27036
mda5,sgctrl,27.47929
GAPDH,sgctrl+dox,20.6797
GAPDH,sgctrl+dox,20.63051
GAPDH,sgctrl+dox,20.41608
ifnb,sgctrl+dox,28.21073
ifnb,sgctrl+dox,28.19186
ifnb,sgctrl+dox,28.26369
isg15,sgctrl+dox,21.55782
isg15,sgctrl+dox,21.51511
isg15,sgctrl+dox,21.43236
mda5,sgctrl+dox,20.16114
mda5,sgctrl+dox,20.15067
mda5,sgctrl+dox,20.26324
GAPDH,sgSNRPA-1,20.26575
GAPDH,sgSNRPA-1,20.23155
GAPDH,sgSNRPA-1,20.21604
ifnb,sgSNRPA-1,29.69221
ifnb,sgSNRPA-1,29.45677
ifnb,sgSNRPA-1,29.43852
isg15,sgSNRPA-1,25.44189
isg15,sgSNRPA-1,25.46852
isg15,sgSNRPA-1,25.47458
mda5,sgSNRPA-1,20.04971
mda5,sgSNRPA-1,20.0831
mda5,sgSNRPA-1,20.08902
GAPDH,sgSNRPA-2,20.36618
GAPDH,sgSNRPA-2,20.31448
GAPDH,sgSNRPA-2,20.24796
ifnb,sgSNRPA-2,29.25882
ifnb,sgSNRPA-2,29.01468
ifnb,sgSNRPA-2,28.79962
isg15,sgSNRPA-2,25.16424
isg15,sgSNRPA-2,25.16781
isg15,sgSNRPA-2,25.11
mda5,sgSNRPA-2,20.23658
mda5,sgSNRPA-2,20.16753
mda5,sgSNRPA-2,20.28758
GAPDH,sgSNRPD1-1,20.44639
GAPDH,sgSNRPD1-1,20.30274
GAPDH,sgSNRPD1-1,20.22608
ifnb,sgSNRPD1-1,29.23729
ifnb,sgSNRPD1-1,29.12538
ifnb,sgSNRPD1-1,28.89126
isg15,sgSNRPD1-1,25.48498
isg15,sgSNRPD1-1,25.66075
isg15,sgSNRPD1-1,25.95459
mda5,sgSNRPD1-1,19.98728
mda5,sgSNRPD1-1,20.04253
mda5,sgSNRPD1-1,20.06958
GAPDH,sgSNRPD1-2,20.31745
GAPDH,sgSNRPD1-2,20.3297
GAPDH,sgSNRPD1-2,20.25936
ifnb,sgSNRPD1-2,29.35694
ifnb,sgSNRPD1-2,29.57101
ifnb,sgSNRPD1-2,29.45202
isg15,sgSNRPD1-2,25.44521
isg15,sgSNRPD1-2,25.33003
isg15,sgSNRPD1-2,25.36387
mda5,sgSNRPD1-2,19.75495
mda5,sgSNRPD1-2,20.00477
mda5,sgSNRPD1-2,19.84233
oas2,sgctrl,NaN
oas2,sgctrl,NaN
oas2,sgctrl,NaN
oas2,sgctrl+dox,26.93955
oas2,sgctrl+dox,26.83739
oas2,sgctrl+dox,26.88388
oas2,sgSNRPA-1,33.18188
oas2,sgSNRPA-1,33.10711
oas2,sgSNRPA-1,33.11533
oas2,sgSNRPA-2,32.36292
oas2,sgSNRPA-2,32.32717
oas2,sgSNRPA-2,32.42
oas2,sgSNRPD1-1,32.54387
oas2,sgSNRPD1-1,32.34011
oas2,sgSNRPD1-1,32.61737
oas2,sgSNRPD1-2,32.42698
oas2,sgSNRPD1-2,32.34423
oas2,sgSNRPD1-2,32.20033