Target,Sample,Cq
GAPDH,Control,21.7266
GAPDH,Control,21.48831
GAPDH,Control,21.18995
Beta,Control,33.28241
Beta,Control,33.01873
Beta,Control,33.97637
ISG,Control,28.6969
ISG,Control,29.10698
ISG,Control,28.68094
MDA5,Control,27.46212
MDA5,Control,27.62179
MDA5,Control,27.69314
GAPDH,Control+Dox,20.52658
GAPDH,Control+Dox,20.22844
GAPDH,Control+Dox,20.19085
Beta,Control+Dox,29.63324
Beta,Control+Dox,29.2862
Beta,Control+Dox,29.01531
ISG,Control+Dox,23.31904
ISG,Control+Dox,23.25486
ISG,Control+Dox,23.22833
MDA5,Control+Dox,20.46763
MDA5,Control+Dox,20.32351
MDA5,Control+Dox,20.70887
GAPDH,SNRPA1,20.44367
GAPDH,SNRPA1,20.25446
GAPDH,SNRPA1,20.41159
Beta,SNRPA1,29.69466
Beta,SNRPA1,29.47708
Beta,SNRPA1,29.37061
ISG,SNRPA1,26.82597
ISG,SNRPA1,27.00294
ISG,SNRPA1,26.74574
MDA5,SNRPA1,20.04497
MDA5,SNRPA1,20.21189
MDA5,SNRPA1,20.30349
GAPDH,SNRPA2,20.87141
GAPDH,SNRPA2,19.84414
GAPDH,SNRPA2,19.8116
Beta,SNRPA2,28.95707
Beta,SNRPA2,28.99831
Beta,SNRPA2,29.67971
ISG,SNRPA2,25.6907
ISG,SNRPA2,25.73784
ISG,SNRPA2,25.70262
MDA5,SNRPA2,20.05923
MDA5,SNRPA2,20.43164
MDA5,SNRPA2,20.42838
GAPDH,SNRPD1-1,20.24851
GAPDH,SNRPD1-1,20.20589
GAPDH,SNRPD1-1,20.06299
Beta,SNRPD1-1,28.47028
Beta,SNRPD1-1,28.38545
Beta,SNRPD1-1,28.77136
ISG,SNRPD1-1,25.64118
ISG,SNRPD1-1,25.44143
ISG,SNRPD1-1,25.88496
MDA5,SNRPD1-1,19.92756
MDA5,SNRPD1-1,20.17846
MDA5,SNRPD1-1,20.26997
GAPDH,SNRPD1-2,19.6529
GAPDH,SNRPD1-2,19.97572
GAPDH,SNRPD1-2,19.51921
Beta,SNRPD1-2,28.48751
Beta,SNRPD1-2,28.29079
Beta,SNRPD1-2,28.21439
ISG,SNRPD1-2,24.44408
ISG,SNRPD1-2,24.40816
ISG,SNRPD1-2,24.42768
MDA5,SNRPD1-2,19.70206
MDA5,SNRPD1-2,19.73663
MDA5,SNRPD1-2,19.9754
OAS2,Control,37.56212
OAS2,Control,36.90238
OAS2,Control+Dox,29.61561
OAS2,Control+Dox,29.61276
OAS2,Control+Dox,29.87996
OAS2,SNRPA1,33.63374
OAS2,SNRPA1,34.11154
OAS2,SNRPA2,32.89181
OAS2,SNRPA2,33.83745
OAS2,SNRPA2,34.42009
OAS2,SNRPD1-1,34.33813
OAS2,SNRPD1-1,33.41523
OAS2,SNRPD1-1,33.72119
OAS2,SNRPD1-2,31.91865
OAS2,SNRPD1-2,31.69093
OAS2,SNRPD1-2,31.80358