Target,Sample,Cq
GAPDH,Control,22.67339
GAPDH,Control,22.58641
GAPDH,Control,22.37284
Beta,Control,32.79528
Beta,Control,32.77978
Beta,Control,32.89776
ISG,Control,30.06605
ISG,Control,29.738
ISG,Control,30.16036
MDA5,Control,29.12417
MDA5,Control,28.76824
MDA5,Control,29.02744
GAPDH,Control+Beta,23.10133
GAPDH,Control+Beta,22.64704
GAPDH,Control+Beta,22.43266
Beta,Control+Beta,30.82356
Beta,Control+Beta,31.11905
Beta,Control+Beta,31.28462
ISG,Control+Beta,25.3519
ISG,Control+Beta,25.59645
ISG,Control+Beta,25.43029
MDA5,Control+Beta,27.62956
MDA5,Control+Beta,27.84118
MDA5,Control+Beta,28.30221
GAPDH,SNRPA1,22.95549
GAPDH,SNRPA1,22.97285
GAPDH,SNRPA1,23.23365
Beta,SNRPA1,35.10606
Beta,SNRPA1,31.74825
Beta,SNRPA1,33.19658
ISG,SNRPA1,26.11352
ISG,SNRPA1,26.22423
ISG,SNRPA1,26.16446
MDA5,SNRPA1,28.50582
MDA5,SNRPA1,28.40956
MDA5,SNRPA1,29.25216
GAPDH,SNRPA2,22.81854
GAPDH,SNRPA2,22.88652
GAPDH,SNRPA2,22.78084
Beta,SNRPA2,32.36089
Beta,SNRPA2,32.08736
Beta,SNRPA2,31.13959
ISG,SNRPA2,25.80966
ISG,SNRPA2,25.90338
ISG,SNRPA2,25.99352
MDA5,SNRPA2,29.02279
MDA5,SNRPA2,28.55118
MDA5,SNRPA2,28.46763
GAPDH,SNRPD1-1,23.07385
GAPDH,SNRPD1-1,23.23482
Beta,SNRPD1-1,31.42902
Beta,SNRPD1-1,31.70908
Beta,SNRPD1-1,30.66336
ISG,SNRPD1-1,26.18614
ISG,SNRPD1-1,26.15053
ISG,SNRPD1-1,26.48886
MDA5,SNRPD1-1,28.23798
MDA5,SNRPD1-1,28.49489
MDA5,SNRPD1-1,29.35996
GAPDH,SNRPD1-2,22.82295
GAPDH,SNRPD1-2,22.85317
GAPDH,SNRPD1-2,22.79341
Beta,SNRPD1-2,32.43141
Beta,SNRPD1-2,32.05284
Beta,SNRPD1-2,32.40638
ISG,SNRPD1-2,26.34547
ISG,SNRPD1-2,26.22603
ISG,SNRPD1-2,26.28258
MDA5,SNRPD1-2,28.7344
MDA5,SNRPD1-2,29.0271
MDA5,SNRPD1-2,28.6857
OAS2,Control,0
OAS2,Control+Beta,37.4877
OAS2,Control+Beta,34.45816
OAS2,Control+Beta,36.00131
OAS2,SNRPA1,35.02934
OAS2,SNRPA1,35.62645
OAS2,SNRPA1,39.93456
OAS2,SNRPA2,34.71473
OAS2,SNRPA2,34.1607
OAS2,SNRPA2,37.75872
OAS2,SNRPD1-1,38.51162
OAS2,SNRPD1-1,39.7027
OAS2,SNRPD1-1,35.69925
OAS2,SNRPD1-2,35.53087
OAS2,SNRPD1-2,34.35235
OAS2,SNRPD1-2,39.58405